,month,temp_f
0,January,44.33129032258064
1,February,49.99500000000002
2,March,63.21822580645174
3,April,70.21674999999996
4,May,86.82798387096781
5,June,93.84125000000006
6,July,98.62209677419358
7,August,97.70274193548389
8,September,87.27200000000023
9,October,77.31895161290316
10,November,59.27650000000007
11,December,51.648629032258086
